"Model","AIC","BIC","LogLik"
"Model 1: Basic",464.05658286553,485.946170452686,-224.028291432765
"Model 2: Crossed RE",466.05658286553,490.682368901081,-224.028291432765
"Model 3: Full",448.362604637892,500.350375157387,-205.181302318946
"Model 4: Interaction",465.903283271624,501.473863100753,-219.951641635812
